Stage,corr
plan,0.6672983260756625
design,0.5814304213529063
implementation,0.4225927191778365
testing,0.694438576104845
deployment,0.6839524816778343
maintenance,0.6466806619694573
